MACD,signal,diff,chgA,chgB,smaA,smaB,close,ret,cumulative,open,trigger,shares,cost,cash,pos,pv,port.ret,total.ret
1.623302270686807,0.5933327575387087,1.0299695131480981,0,0,NA,NA,111.68,-0.009226410493023196,0.04208069472102394,113.279999,HOLD,0,0,10000,0,10000,0,0
1.6004160707652204,0.7947494201840111,0.8056666505812093,-0.2243028625668888,-0.2243028625668888,NA,NA,111.279999,-0.003581670845272278,0.03849902387575166,112,HOLD,0,0,10000,0,10000,0,0
1.5578650016441316,0.9473725364760353,0.6104924651680963,-0.19517418541311304,0.02912867715377576,NA,NA,111.199997,-7.189252401054169e-4,0.03778009863564624,111.760002,HOLD,0,0,10000,0,10000,0,0
1.3982837138524644,1.0375547719513212,0.36072894190114324,-0.24976352326695306,-0.054589337853840014,NA,NA,109.839996,-0.012230225150095975,0.025549873485550267,110.160004,HOLD,0,0,10000,0,10000,0,0
1.1935035172766248,1.068744521016382,0.1247589962602429,-0.23596994564090035,0.013793577626052711,NA,NA,109.040001,-0.007283275938939404,0.018266597546610863,110.480003,HOLD,0,0,10000,0,10000,0,0
1.057752291842263,1.0665460751815583,-0.008793783339295258,-0.13355277959953815,0.1024171660413622,NA,NA,109.519997,0.004402017567846528,0.02266861511445739,109.199997,HOLD,0,0,10000,0,10000,0,0
0.7989418754268343,1.0130252352306135,-0.21408335980377924,-0.20528957646448398,-0.07173679686494583,NA,NA,107.760002,-0.016070078964666168,0.006598536149791223,110.239998,HOLD,0,0,10000,0,10000,0,0
0.6317376360651394,0.9367677153975187,-0.30503007933237924,-0.0909467195286,0.11434285693588397,NA,NA,108.32,0.005196714825599136,0.011795250975390359,107.599998,HOLD,0,0,10000,0,10000,0,0
0.4297199711969739,0.8353581665574098,-0.4056381953604359,-0.10060811602805664,-0.009661396499456631,NA,NA,107.519997,-0.007385552067946777,0.004409698907443582,108,HOLD,0,0,10000,0,10000,0,0
-0.01425055223189986,0.665436422799548,-0.6796869750314478,-0.27404877967101193,-0.1734406636429553,-0.1709656488179546,-0.027404877967101192,104,-0.03273806824976011,-0.02832836934231653,107.279999,HOLD,0,0,10000,0,10000,0,0
-0.5023273264028632,0.4318836729590657,-0.9342109993619289,-0.25452402433048105,0.019524755340530886,-0.1964180512510027,-0.025452402433048103,102.239998,-0.01692309615384613,-0.04525146549616266,102.720001,HOLD,0,0,10000,0,10000,0,0
-0.6173467896262395,0.22203758044200472,-0.8393843700682442,0.09482662929368468,0.34935065362416573,-0.16450510206494537,0.031912949186057346,105.519997,0.03208136799846195,-0.013170097497700706,103.120003,BUY,96,103.120003,100.47971200000029,10129.919712,10230.399424000001,0.02303994240000007,0.02303994240000011
-0.802534644976447,0.01712313535831439,-0.8196577803347613,0.019726589733482847,-0.07510003956020184,-0.14301502455028578,0.02149007751465959,104.239998,-0.012130392687558555,-0.02530049018525926,104.959999,HOLD,96,103.120003,100.47971200000029,10007.039808,10107.51952,-0.012011251849241678,0.010751951999999983
-0.9895332821314327,-0.18420814813963504,-0.8053251339917976,0.014332646342963717,-0.005393943390519129,-0.11660540758929412,0.02640961696099168,103.599998,-0.0061396777847213535,-0.031440167969980615,104.160004,HOLD,96,103.120003,100.47971200000029,9945.599807999999,10046.07952,-0.00607864272519365,0.004607951999999932
-0.9971302054621987,-0.3467925596041478,-0.6503376458580509,0.15498748813374674,0.14065484179078303,-0.07750966421182941,0.03909574337746471,105.199997,0.015444006089652573,-0.01599616188032804,104.480003,HOLD,96,103.120003,100.47971200000029,10099.199712,10199.679424,0.015289536947643123,0.019967942399999994
-0.9853369778100927,-0.47450144324533683,-0.5108355345647558,0.13950211129329504,-0.015485376840451703,-0.05020417512254609,0.02730548908928332,105.279999,7.604753068577441e-4,-0.015235686573470297,105.279999,HOLD,96,103.120003,100.47971200000029,10106.879904000001,10207.359616000002,7.529836655384425e-4,0.020735961600000154
-1.137175731326991,-0.6070363008616677,-0.5301394304653233,-0.01930389590056747,-0.1588060071938625,-0.03160560706615444,0.01859856805639165,103.120003,-0.0205166795261843,-0.0357523660996546,105.279999,SELL,0,0,10207.359616000002,0,10207.359616000002,0,0.020735961600000154
-1.1155432820159916,-0.7087376970925325,-0.4068055849234591,0.12333384554186422,0.1426377414424317,-0.010177550559108017,0.021428056507046423,104.720001,0.01551588395512371,-0.020236482144530887,104.480003,BUY,97,104.480003,72.79932500000177,10157.840097,10230.639422000002,0.0022806883342789686,0.0230639422000002
-0.8497567615356729,-0.7369415099811607,-0.11281525155451222,0.29399033336894687,0.17065648782708265,0.029282294380592332,0.03945984493970035,107.68,0.02826584197607107,0.008029359831540184,105.199997,HOLD,97,104.480003,72.79932500000177,10444.960000000001,10517.759325000003,0.028064707508171693,0.051775932500000274
-0.6190724077515455,-0.7133676895352377,0.09429528178369218,0.2071105333382044,-0.08687980003074247,0.07739822568151397,0.048115931300921636,107.839996,0.0014858469539376085,0.009515206785477792,108.639999,HOLD,97,104.480003,72.79932500000177,10460.479612,10533.278937000001,0.0014755625718787524,0.053327893700000094
-0.5078629635303429,-0.6722667443342587,0.16440378080391582,0.07010849902022365,-0.13700203431798075,0.10986147801658444,0.03246325233507047,106.879997,-0.008902068208533676,6.131385769441167e-4,108.32,HOLD,97,104.480003,72.79932500000177,10367.359709,10440.159034000002,-0.008840542774662397,0.04401590340000021
-0.6957428466786268,-0.6769619648031324,-0.018780881875494426,-0.18318466267941025,-0.2532931616996339,0.08206034881927494,-0.027801129197309492,103.360001,-0.03293409523579993,-0.032320956658855815,106.239998,SELL,0,0,10378.079131000002,0,10378.079131000002,-0.005946260281843085,0.03780791310000022
-0.7967232924879255,-0.700914230340091,-0.09580906214783447,-0.07702818027234004,0.10615648240707021,0.07238487181869266,-0.00967547700058229,103.839996,0.00464391442875467,-0.027677042230101145,103.040001,HOLD,0,0,10378.079131000002,0,10378.079131000002,0,0.03780791310000022
-0.9369587495466476,-0.7481231341814023,-0.1888356153652453,-0.09302655321741082,-0.015998372945070782,0.0616489518626552,-0.010735919956037454,102.959999,-0.008474547707031932,-0.03615158993713308,101.839996,HOLD,0,0,10378.079131000002,0,10378.079131000002,0,0.03780791310000022
-0.8510810164781475,-0.7687147106407514,-0.08236630583739613,0.10646930952784917,0.19949586274526,0.056797134002065444,-0.004851817860589758,105.279999,0.022533022751874743,-0.013618567185258335,104.080002,BUY,99,104.080002,74.15893300000243,10422.719901,10496.878834000003,0.011447176447627827,0.049687883400000285
-0.8060079547694556,-0.7761733594664924,-0.029834595302963285,0.05253171053443284,-0.053937598993416325,0.04810009392617922,-0.00869704007588622,104.879997,-0.003799411130313568,-0.017417978315571903,104.480003,HOLD,99,104.080002,74.15893300000243,10383.119703,10457.278636000003,-0.0037725688393899226,0.04572786360000027
-0.901907408362149,-0.8013201692456238,-0.10058723911652523,-0.07075264381356194,-0.12328435434799478,0.04295521913487978,-0.005144874791299448,103.120003,-0.016781026414407707,-0.03419900472997961,104.720001,SELL,0,0,10441.439032000002,0,10441.439032000002,-0.00151469656220804,0.0441439032000002
-1.0178182918508725,-0.8446197937666736,-0.17319849808419885,-0.07261125896767362,-0.0018586151541116758,0.02336070868392599,-0.019594510450953784,102.480003,-0.006206361340001076,-0.040405366069980686,103.040001,HOLD,0,0,10441.439032000002,0,10441.439032000002,0,0.0441439032000002
-1.128941504933465,-0.901484136000032,-0.22745736893343305,-0.0542588708492342,0.018352388118439422,-0.011464211737892116,-0.034824920421818104,102.080002,-0.003903210268251134,-0.04430857633823182,101.519997,HOLD,0,0,10441.439032000002,0,10441.439032000002,0,0.0441439032000002
-1.3371555151271508,-0.9886184118254557,-0.3485371033016951,-0.12107973436826203,-0.06682086351902783,-0.044283238508538755,-0.032819026770646645,100.400002,-0.01645767992833691,-0.06076625626656873,102.400002,HOLD,0,0,10441.439032000002,0,10441.439032000002,0,0.0441439032000002
-1.836045220946957,-1.1581037736497561,-0.677941447297201,-0.3294043439955059,-0.20832460962724386,-0.0842345228101117,-0.03995128430157295,96,-0.043824720242535475,-0.1045909765091042,97.519997,HOLD,0,0,10441.439032000002,0,10441.439032000002,0,0.0441439032000002
-1.7592661446411455,-1.278336247848034,-0.4809298967931115,0.19701155050408947,0.5264158944995954,-0.04621490149176174,0.038019621318349975,101.599998,0.05833331250000007,-0.04625766400910414,96.080002,BUY,108,96.080002,64.79881600000226,10972.799784,11037.598600000003,0.0570955369439925,0.1037598600000003
-1.4365557783657437,-1.3099801539515759,-0.1265756244141678,0.3543542723789437,0.1573427218748542,-0.0030766562266333676,0.04313824526512837,104.639999,0.02992127027404079,-0.016336393735063348,102.32,HOLD,108,96.080002,64.79881600000226,11301.119892,11365.918708000003,0.02974561042652879,0.1365918708000003
-1.409856217570308,-1.3299553666753223,-0.07990085089498566,0.046674773519182144,-0.30767949885976154,0.01089347644702593,0.013970132673659296,101.599998,-0.029051997601796664,-0.04538839133686001,104.400002,HOLD,108,96.080002,64.79881600000226,10972.799784,11037.598600000003,-0.02888636778379461,0.1037598600000003
-1.366489094809566,-1.3372621123021713,-0.02922698250739475,0.050673868387590915,0.00399909486840877,0.005313932333000104,-0.005579544114025825,101.68,7.874212753429255e-4,-0.04460097006151709,102.400002,HOLD,108,96.080002,64.79881600000226,10981.44,11046.238816000003,7.827985337318655e-4,0.10462388160000027
-1.1829223052413482,-1.3063941508900068,0.12347184564865854,0.1526988281560533,0.10202495976846238,0.01533064409516215,0.010016711762162045,103.360001,0.01652243312352475,-0.028078536937992338,101.279999,HOLD,108,96.080002,64.79881600000226,11162.880108,11227.678924000002,0.01642551016887217,0.12276789240000016
-0.9235134723290201,-1.2298180151778095,0.3063045428487894,0.18283269720013084,0.030133869044077555,0.04068917819653143,0.02535853410136928,104.639999,0.012383881459134383,-0.015694655478857955,106.639999,HOLD,108,96.080002,64.79881600000226,11301.119892,11365.918708000003,0.012312409798654222,0.1365918708000003
-0.6778395722144808,-1.1194223265851437,0.44158275437066297,0.13527821152187358,-0.04755448567825726,0.06147812524548615,0.02078894704895472,105.040001,0.003822649119100241,-0.011872006359757714,105.199997,HOLD,108,96.080002,64.79881600000226,11344.320108,11409.118924000002,0.003800855620196497,0.1409118924000002
-0.37552717101686994,-0.9706432954714891,0.5951161244546191,0.15353337008395618,0.018255158562082596,0.08225734933880519,0.02077922409331904,106.32,0.01218582433181803,3.1381797206031514e-4,105.519997,HOLD,108,96.080002,64.79881600000226,11482.56,11547.358816000002,0.012116614168093287,0.15473588160000018
-0.35137343023792766,-0.8467893224247769,0.4954158921868492,-0.09970023226776992,-0.2532336023517261,0.0843952995488544,0.002137950210049211,103.599998,-0.025583164033107564,-0.02526934606104725,105.279999,SELL,0,0,11435.038708000002,0,11435.038708000002,-0.009726908965915992,0.14350387080000018
-0.5677615429582659,-0.7909837665314747,0.22322222357320887,-0.27219366861364036,-0.17249343634587044,0.09011636708704095,0.0057210675381865524,100.599998,-0.028957529516554614,-0.05422687557760186,104.480003,HOLD,0,0,11435.038708000002,0,11435.038708000002,0,0.14350387080000018
-0.5345868558535898,-0.7397043843958978,0.20511752854230803,-0.01810469503090084,0.2540889735827395,0.06860474253354192,-0.02151162455349903,103.059998,0.02445328080424014,-0.029773594773361722,100.199997,HOLD,0,0,11435.038708000002,0,11435.038708000002,0,0.14350387080000018
-0.5144684673145719,-0.6946572009796326,0.18018873366506072,-0.024928794877247307,-0.006824099846346465,0.03067643580792282,-0.0379283067256191,102.910004,-0.001455404646912517,-0.03122899942027424,101.809998,HOLD,0,0,11435.038708000002,0,11435.038708000002,0,0.14350387080000018
-0.4840689382049135,-0.6525395484246888,0.16847061021977527,-0.011718123445285444,0.013210671431961862,0.024837146111476062,-0.005839289696446759,103.019997,0.0010688270889582796,-0.03016017233131596,103,HOLD,0,0,11435.038708000002,0,11435.038708000002,0,0.14350387080000018
-0.3350770685240718,-0.5890470524445653,0.2539699839204935,0.08549937370071825,0.0972174971460037,0.028319696642788793,0.0034825505313127334,104.519997,0.014560279981371105,-0.015599892349944855,103.360001,BUY,110,103.360001,65.43859800000246,11497.19967,11562.638268000002,0.011158646967301511,0.15626382680000026
-0.27914222967413593,-0.5270660878904795,0.24792385821634355,-0.006046125704149974,-0.09154549940486822,0.012445201256768467,-0.015874495386020326,103.709999,-0.007749694060936507,-0.023349586410881362,103.559998,SELL,0,0,11457.038378000001,0,11457.038378000001,-0.009132854245925248,0.1457038378000001
-0.04307746157604697,-0.43026836262759305,0.3871909010515461,0.13926704283520253,0.1453131685393525,0.008088635820275636,-0.004356565436492832,106.080002,0.02285221312170682,-4.973732891745408e-4,103.809998,BUY,110,103.809998,37.93859800000246,11668.80022,11706.738818000002,0.021794501489973195,0.17067388180000018
0.13917351584069593,-0.31637998693393526,0.4555535027746312,0.06836260172308511,-0.07090444111211741,0.0013970748403967892,-0.0066915609798788465,106.040001,-3.770833262237705e-4,-8.744566153983113e-4,106.209999,HOLD,110,103.809998,37.93859800000246,11664.40011,11702.338708000003,-3.7586129394406864e-4,0.1702338708000003
0.3186669993912403,-0.1893705896689002,0.5080375890601405,0.052484086285509324,-0.01587851543757579,-0.008707853539447896,-0.010104928379844686,106.519997,0.004526555973910273,0.003652099358511962,106.190002,HOLD,110,103.809998,37.93859800000246,11717.19967,11755.138268000002,0.0045118810280122545,0.17551382680000024
0.3280290164249635,-0.08589066845012745,0.41391968487509095,-0.09411790418504956,-0.14660199047055888,-0.008149620731175861,5.582328082720355e-4,104.919998,-0.015020644433551777,-0.011368545075039815,106.5,SELL,0,0,11752.938598000002,0,11752.938598000002,-1.8712412817700752e-4,0.17529385980000026
0.20638354240381318,-0.02743582627933932,0.2338193686831525,-0.18010031619193845,-0.08598241200688889,0.0010597145109943306,0.009209335242170191,103.349998,-0.014963782214330701,-0.026332327289370516,104.230003,HOLD,0,0,11752.938598000002,0,11752.938598000002,0,0.17529385980000026
-0.029279989007662266,-0.02780465882500391,-0.0014753301826583576,-0.23529469886581086,-0.055194382673872416,-0.02065928587249667,-0.021719000383491,101.620003,-0.016739187551798484,-0.043071514841169,102.540001,HOLD,0,0,11752.938598000002,0,11752.938598000002,0,0.17529385980000026
-0.23033504080859757,-0.06831073522172265,-0.16202430558687492,-0.16054897540421656,0.0747457234615943,-0.0342213039251936,-0.013562018052696925,101.410004,-0.0020665124365327747,-0.045138027277701775,101.080002,HOLD,0,0,11752.938598000002,0,11752.938598000002,0,0.17529385980000026
-0.5439788216690715,-0.16344435251119244,-0.3805344691578791,-0.21851016357100417,-0.05796118816678761,-0.054900507937765464,-0.020679204012571874,99.419998,-0.019623369702263194,-0.06476139697996497,100,HOLD,0,0,11752.938598000002,0,11752.938598000002,0,0.17529385980000026
-0.7332551306433004,-0.277406508137614,-0.45584862250568636,-0.07531415334780728,0.1431960102231969,-0.07098186064261801,-0.01608135270485255,100.050003,0.006336803587543738,-0.05842459339242123,99.589996,HOLD,0,0,11752.938598000002,0,11752.938598000002,0,0.17529385980000026
-0.7998021974391207,-0.3818856459979154,-0.4179165514412053,0.03793207106448104,0.11324622441228832,-0.0665840409657549,0.004397819676863102,100.970001,0.009195382033121868,-0.04922921135929936,100.599998,BUY,116,100.599998,83.33883000000242,11712.520116,11795.858946000002,0.003651882262645678,0.1795858946000002
-0.6593501933909778,-0.43737855547652793,-0.22197163791444985,0.19594491352675547,0.15801284246227443,-0.06091625389659962,0.005667787069155295,103.269997,0.022779003438853085,-0.026450207920446278,101.290001,HOLD,116,100.599998,83.33883000000242,11979.319652,12062.658482000003,0.022618067681325904,0.20626584820000027
-0.42772141308668665,-0.4354471269985597,0.0077257139118730445,0.2296973518263229,0.03375243829956742,-0.04478277888627584,0.016133475010323778,104.699997,0.013847197071187978,-0.0126030108492583,103.360001,HOLD,116,100.599998,83.33883000000242,12145.199652,12228.538482000002,0.013751529171411647,0.22285384820000018
-0.3466707001635285,-0.4176918416315535,0.07102114146802496,0.06329542755615192,-0.16640192427017098,-0.04370164475921158,0.0010811341270642594,103.379997,-0.012607450217978489,-0.02521046106723679,104.459999,HOLD,116,100.599998,83.33883000000242,11992.079652,12075.418482000003,-0.012521529062969106,0.20754184820000027
-0.0630365096947969,-0.3467607752442022,0.2837242655494053,0.2127031240813803,0.1494076965252284,-0.01301954193256859,0.030682102826642986,106.089996,0.02621395897312695,0.0010034979058901605,103.900002,HOLD,116,100.599998,83.33883000000242,12306.439536,12389.778366000002,0.026033042620311253,0.23897783660000022
0.08810798152364896,-0.25978702389063196,0.3478950054142809,0.06417073986487565,-0.14853238421650466,0.01140756367311282,0.02442710560568141,105.190002,-0.008483306946302394,-0.007479809040412233,106.330002,HOLD,116,100.599998,83.33883000000242,12202.040232000001,12285.379062000004,-0.008426244676538408,0.22853790620000036
0.22307196773157045,-0.1632152255661915,0.38628719329776195,0.03839218788348103,-0.025778551981394615,0.03877625234804201,0.027368688674929188,105.410004,0.0020914725336729223,-0.005388336506739311,104.940002,HOLD,116,100.599998,83.33883000000242,12227.560464,12310.899294000003,0.00207728486611658,0.23108992940000025
0.18666971227931128,-0.09323823799709095,0.27990795027640225,-0.1063792430213597,-0.14477143090484074,0.04419322558632769,0.005416973238285683,103.660004,-0.016601839802605434,-0.021990176309344744,105.360001,SELL,0,0,12305.098946000002,0,12305.098946000002,-4.7115550712262255e-4,0.23050989460000018
0.36342938436338557,-0.0019047135249956465,0.3653340978883812,0.08542614761197898,0.19180539063333868,0.074586856704626,0.030393631118298313,106.260002,0.025081978580668407,0.0030918022713236626,104,BUY,118,104,33.09894600000189,12538.680236,12571.779182000002,0.02167233576668548,0.2571779182000002
0.3773186615305235,0.07393996148610818,0.30337870004441536,-0.061955397843965865,-0.14738154545594484,0.07592273225501014,0.0013358755503841413,104.75,-0.014210445808197858,-0.011118643536874195,106,SELL,0,0,12541.098946000002,0,12541.098946000002,-0.0024404052565548673,0.25410989460000016
0.26743348937905864,0.11263866706469827,0.15479482231436037,-0.148583877730055,-0.08662847988608913,0.05727113737555654,-0.018651594879453604,103.290001,-0.013937937947493984,-0.02505658148436818,104.5,HOLD,0,0,12541.098946000002,0,12541.098946000002,0,0.25410989460000016
0.12165534607659367,0.11444200286707736,0.007213343209516318,-0.14758147910484404,0.001002398625210954,0.022918498112396584,-0.03435263926315995,102.580002,-0.00687384057630136,-0.03193042206066954,102.949997,HOLD,0,0,12541.098946000002,0,12541.098946000002,0,0.25410989460000016
0.0626934121948608,0.10409228473263404,-0.041398872537773246,-0.048612215747289564,0.09896926335755447,-0.004912458644964662,-0.027830956757361247,103.290001,0.006921417295351784,-0.025009004765317755,102.360001,HOLD,0,0,12541.098946000002,0,12541.098946000002,0,0.25410989460000016
-0.08712235266625612,0.06584935725285601,-0.15297170991911213,-0.11157283738133889,-0.06296062163404932,-0.022399285138713743,-0.01748682649374908,102,-0.012489117896319901,-0.037498122661637656,103.290001,HOLD,0,0,12541.098946000002,0,12541.098946000002,0,0.25410989460000016
-0.007267292626778499,0.05122602727692911,-0.05849331990370761,0.09447839001540452,0.20605122739674342,-0.03422175854531132,-0.011822473406597579,104.459999,0.024117637254901902,-0.013380485406735754,102.650002,BUY,122,102.650002,17.798702000001867,12744.119878,12761.918580000001,0.01760767815889297,0.2761918580000001
-0.27009021376250075,-0.013037220930956862,-0.25705299283154387,-0.19855967292783627,-0.2930380629432408,-0.060494799824582515,-0.026273041279271193,100.379997,-0.039058032156404576,-0.05243851756314033,104.540001,SELL,0,0,12771.678824000002,0,12771.678824000002,7.647944107163074e-4,0.27716788240000023
-0.33093279626186245,-0.07661633599713798,-0.2543164602647245,0.002736532566819383,0.20129620549465566,-0.06406036535624868,-0.003565565531666165,102.160004,0.01773268632394953,-0.0347058312391908,100.790001,BUY,126,100.790001,72.13869800000248,12872.160504,12944.299202000002,0.013515872140130725,0.2944299202000002
-0.44024391592645884,-0.14934185198300215,-0.2909020639434567,-0.036585603678732204,-0.03932213624555159,-0.05708100142198593,0.00697936393426275,101.339996,-0.008026702896370308,-0.04273253413556111,102.389999,SELL,0,0,12973.278572000003,0,12973.278572000003,0.0022387747337857533,0.29732785720000027
-0.590270816906667,-0.23752764496773515,-0.3527431719389319,-0.06184110799547521,-0.025255504316743005,-0.07180772698273136,-0.014726725560745418,100.470001,-0.008584912515686383,-0.05131744665124749,101.150002,HOLD,0,0,12973.278572000003,0,12973.278572000003,0,0.29732785720000027
-0.7537363397042043,-0.340769383915029,-0.4129669557891753,-0.060223783850243406,0.0016173241452318021,-0.07163456558335911,1.7316139937224585e-4,99.809998,-0.006569154906249097,-0.057886601557496586,98.5,HOLD,0,0,12973.278572000003,0,12973.278572000003,0,0.29732785720000027
-1.1117363893067846,-0.49496278499338014,-0.6167736043134044,-0.20380664852422914,-0.14358286467398573,-0.07715684266277653,-0.005522277079417414,96.82,-0.029956898706680724,-0.08784350026417731,99.900002,HOLD,0,0,12973.278572000003,0,12973.278572000003,0,0.29732785720000027
-1.242343341111578,-0.6444388962170198,-0.5979044448945583,0.01886915941884615,0.2226758079430753,-0.0605117788104075,0.016645063852369017,98.540001,0.01776493493079956,-0.07007856533337775,97.669998,BUY,132,97.669998,80.83883600000263,13007.280132,13088.118968000002,0.008852072000354427,0.30881189680000026
-0.9779205330827381,-0.7111352235901636,-0.2667853094925745,0.3311191354019838,0.31224997598313764,-0.022538643695480164,0.03797313511492734,102.959999,0.044854860514969896,-0.025223704818407855,99.529999,HOLD,132,97.669998,80.83883600000263,13590.719868,13671.558704000003,0.04457781423186091,0.36715587040000025
-0.6925984067571846,-0.7074278602235677,0.014829453466383091,0.2816147629589576,-0.04950437244302619,0.016780116338549485,0.03931876003402965,103.800003,0.00815854708778696,-0.017065157730620895,102.660004,HOLD,132,97.669998,80.83883600000263,13701.600396,13782.439232000002,0.008110306249685895,0.3782439232000002
-0.3375162461687182,-0.6334455374125978,0.29592929124387957,0.2810998377774965,-5.149251814611233e-4,0.03544226111475868,0.018662144776209193,105.349998,0.01493251401929152,-0.002132643711329374,104.550003,HOLD,132,97.669998,80.83883600000263,13906.199736,13987.038572000003,0.014844929591633083,0.3987038572000003
-0.025157844041928,-0.5117879987384639,0.4866301546965359,0.19070086345265636,-0.09039897432484012,0.07436831475280795,0.03892605363804926,105.730003,0.003607071734353484,0.0014744280230241102,105.290001,HOLD,132,97.669998,80.83883600000263,13956.360396,14037.199232000003,0.0035862244707334234,0.4037199232000003
0.26372842365333327,-0.3566847142601045,0.6204131379134378,0.13378298321690185,-0.0569178802357545,0.08747295981781619,0.013104645065008247,106.279999,0.005201891463107344,0.0066763194861314545,106,HOLD,132,97.669998,80.83883600000263,14028.959868,14109.798704000003,0.0051719342868981055,0.4109798704000003
0.2277991071905916,-0.23978794996996527,0.4675870571605569,-0.1528260807528809,-0.28660906396978275,0.07584891211040132,-0.01162404770741487,103.029999,-0.030579601341546914,-0.02390328185541546,106.360001,SELL,0,0,14120.358968000002,0,14120.358968000002,7.484347737012342e-4,0.41203589680000025
0.4196175389398462,-0.10790685218800297,0.5275243911278492,0.05993733396729234,0.21276341472017324,0.08802675630667808,0.012177844196276755,105.82,0.02707950137901083,0.0031762195235953694,104.18,BUY,135,104.18,56.05896800000119,14285.699999999999,14341.758968,0.015679488071212777,0.4341758968
0.4917305149378137,0.012020621237160356,0.47970989370065337,-0.047814497427195846,-0.10775183139448818,0.08926768494898284,0.0012409286423047561,104.900002,-0.00869398979398972,-0.005517770270394351,105.400002,SELL,0,0,14285.059238000002,0,14285.059238000002,-0.003953471127670527,0.4285059238000002
0.5426255187545905,0.1181416007406464,0.42448391801394414,-0.05522597568670923,-0.007411478259513382,0.10412575223273483,0.014858067283751991,104.900002,0,-0.005517770270394351,105.059998,HOLD,0,0,14285.059238000002,0,14285.059238000002,0,0.4285059238000002
0.530846669679363,0.20068261452838973,0.33016405515097325,-0.0943198628629709,-0.039093887176261666,0.09280685000455313,-0.011318902228181705,104.330002,-0.005433746321568345,-0.010951516591962696,103.68,HOLD,0,0,14285.059238000002,0,14285.059238000002,0,0.4285059238000002
0.6096997461055622,0.2824860408438242,0.327213705261738,-0.0029503498892352598,0.09136951297373563,0.05939990147543123,-0.033406948529121905,105.510002,0.011310265286873067,3.587486949103713e-4,104.839996,HOLD,0,0,14285.059238000002,0,14285.059238000002,0,0.4285059238000002
0.6015110538912722,0.34629104345331385,0.2552200104379584,-0.0719936948237796,-0.06904334493454434,0.02403905569715751,-0.03536084577827372,104.720001,-0.007487451284476365,-0.007128702589565994,105.370003,HOLD,0,0,14285.059238000002,0,14285.059238000002,0,0.4285059238000002
0.5371865337360191,0.3844701415098549,0.15271639222616418,-0.10250361821179421,-0.030509923388014615,-0.014321289901771561,-0.03836034559892907,104.080002,-0.006111525915665328,-0.013240228505231322,104.839996,HOLD,0,0,14285.059238000002,0,14285.059238000002,0,0.4285059238000002
0.3721779377883223,0.38201170076554847,-0.009833762977226157,-0.16255015520339033,-0.06004653699159612,-0.04964639176737623,-0.03532510186560467,102.720001,-0.013066880994102914,-0.026307109499334236,103.559998,HOLD,0,0,14285.059238000002,0,14285.059238000002,0,0.4285059238000002
0.20993840605963499,0.3475970418243658,-0.1376586357647308,-0.12782487278750465,0.03472528241588568,-0.07580717736781688,-0.02616078560044065,102.360001,-0.0035046728630775403,-0.029811782362411776,102.199997,HOLD,0,0,14285.059238000002,0,14285.059238000002,0,0.4285059238000002
0.11074835235699254,0.30022730393089114,-0.1894789515738986,-0.051820315809167794,0.07600455697833686,-0.06570660087344557,0.010100576494371311,102.739998,0.0037123583068350285,-0.026099424055576748,103.139999,HOLD,0,0,14285.059238000002,0,14285.059238000002,0,0.4285059238000002
0.16499310968562497,0.2731804650818379,-0.10818735539621294,0.08129159617768567,0.13311191198685346,-0.06357117465240625,0.002135426221039333,104.410004,0.016254682037272428,-0.00984474201830432,103.650002,BUY,137,103.650002,85.00896400000238,14304.170548,14389.179512000002,0.007288753393687619,0.43891795120000027
0.18247831716890062,0.2550400354992505,-0.07256171833034986,0.03562563706586308,-0.045665959111822585,-0.05522716120310036,0.008344013449305892,104.120003,-0.0027775212038111396,-0.01262226322211546,103.68,HOLD,137,103.650002,85.00896400000238,14264.440411,14349.449375000002,-0.0027611120541561895,0.4349449375000002
0.242758997480081,0.25258382789541656,-0.00982483041533555,0.0627368879150143,0.027111250849151225,-0.043430874842928006,0.011796286360172353,104.730003,0.0058586244950453725,-0.006763638727070087,104.580002,HOLD,137,103.650002,85.00896400000238,14348.010411,14433.019375000002,0.005823916849771127,0.4433019375000002
0.3885312684078599,0.2797733159979052,0.10875795240995467,0.11858278282529022,0.05584589491027592,-0.022140610274101895,0.02129026456882611,106,0.012126391326466424,0.0053627525993963365,104.75,HOLD,137,103.650002,85.00896400000238,14522,14607.008964000002,0.01205496815873297,0.4607008964000002
0.27096233801330527,0.27801112040098525,-0.007048782387679975,-0.11580673479763465,-0.23438951762292487,-0.03342624876494184,-0.011285638490839939,103.150002,-0.026886773584905654,-0.021524020985509318,105.760002,SELL,0,0,14574.129238000003,0,14574.129238000003,-0.0022509554201708415,0.4574129238000003
0.24755698983507557,0.2719202942878033,-0.02436330445272772,-0.017314522065047744,0.0984922127325869,-0.02795833148906865,0.0054679172758731855,104.050003,0.00872516706301174,-0.012798853922497577,103.050003,HOLD,0,0,14574.129238000003,0,14574.129238000003,0,0.4574129238000003
0.3261134037713873,0.2827589161845201,0.04335448758686722,0.06771779203959494,0.08503231410464268,-0.010936190463929735,0.017022141025138916,105.300003,0.012013454723302619,-7.853991991949583e-4,103.639999,BUY,140,103.639999,64.52937800000291,14742.00042,14806.529798000003,0.015946102590750133,0.4806529798000003
0.5546562306016085,0.33713837906793775,0.21751785153367076,0.17416336394680354,0.1064455719072086,0.022735161451089652,0.03367135191501939,107.440002,0.02032287691387813,0.01953747771468317,105.760002,HOLD,140,103.639999,64.52937800000291,15041.60028,15106.129658000003,0.020234306355866538,0.5106129658000004
0.4410110467152748,0.35791291259740515,0.08309813411786965,-0.1344197174158011,-0.30858308136260465,0.022075676988260007,-6.594844628296459e-4,103.849998,-0.033414035118875085,-0.013876557404191914,107.879997,SELL,0,0,15167.728958000003,0,15167.728958000003,0.004077768521427938,0.5167728958000003
0.45942598188450745,0.37821552645482565,0.0812104554296818,-0.0018876786881878438,0.13253203872761327,0.027068940700358,0.004993263712097995,105.260002,0.01357731369431514,-2.9924370987677307e-4,103.389999,HOLD,0,0,15167.728958000003,0,15167.728958000003,0,0.5167728958000003
0.4375069825796629,0.3900738176797931,0.04743316489986982,-0.03377729052981199,-0.031889611841624144,0.015562052029608236,-0.011506888670749765,104.870003,-0.003705101582650583,-0.004004345292527356,104.949997,HOLD,0,0,15167.728958000003,0,15167.728958000003,0,0.5167728958000003
0.5238381713569993,0.41682668841523435,0.10701148294176493,0.05957831804189512,0.0933556085717071,0.01795732012721144,0.0023952680976032036,106.230003,0.012968436741629619,0.008964091449102263,105.760002,BUY,143,105.760002,44.048672000002625,15190.890429,15234.939101000002,0.004431127638561128,0.5234939101000001
0.6222019782753563,0.4579017463872588,0.1643002318880975,0.05728874894633257,-0.002289569095562549,0.017412506230343267,-5.448138968681737e-4,106.690002,0.0043302173304091696,0.013294308779511432,106.339996,HOLD,143,105.760002,44.048672000002625,15256.670286,15300.718958000003,0.00431769740357435,0.5300718958000004
0.6347410409233589,0.49326960529447883,0.1414714356288801,-0.02282879625921741,-0.08011754520554998,0.0032713483218925034,-0.014141157908450764,105.970001,-0.006748533006869839,0.006545775772641593,106.160004,SELL,0,0,15224.929244000003,0,15224.929244000003,-0.004953343317267711,0.5224929244000003
0.5767046365487261,0.5099566115453282,0.06674802500339783,-0.07472341062548227,-0.05189461436626486,0.007379680739107742,0.004108332417215238,105.209999,-0.007171859892687982,-6.260841200463885e-4,105.870003,HOLD,0,0,15224.929244000003,0,15224.929244000003,0,0.5224929244000003
0.806257748374307,0.5692168389111241,0.2370409094631829,0.17029288445978508,0.24501629508526734,0.026140421391591024,0.01876074065248328,108.739998,0.033551934545688944,0.032925850425642555,106.93,BUY,142,106.93,40.869244000001345,15441.079716,15481.948960000002,0.0168815047926274,0.5481948960000002
0.9513918644954913,0.6456518440279975,0.3057400204674938,0.06869911100431092,-0.10159377345547416,0.02623855328806262,9.813189647159826e-5,108.419998,-0.0029427993919954876,0.029983051033647068,109.400002,HOLD,142,106.93,40.869244000001345,15395.639716000001,15436.508960000003,-0.0029350309910851635,0.5436508960000003
1.283204965564849,0.7731624683353677,0.5100424972294813,0.20430247676198743,0.1356033657576765,0.02925246456958101,0.0030139112815183887,111.290001,0.026471158946156814,0.05645420997980388,114.730003,HOLD,142,106.93,40.869244000001345,15803.180142000001,15844.049386000002,0.026401074689623272,0.5844049386000002
1.3426799710685913,0.8870659688820124,0.4556140021865789,-0.05442849504290237,-0.2587309718048898,0.037251586806870886,0.007999122237289874,108.959999,-0.020936310351906684,0.0355178996278972,112.5,SELL,0,0,16015.869244000001,0,16015.869244000001,0.010844440951555123,0.6015869244000002
1.217622804770187,0.9531773360596474,0.26444546871053953,-0.19116853347603935,-0.13674003843313698,0.018323501328085735,-0.01892808547878515,107,-0.017988243557160777,0.01752965607073642,108.550003,HOLD,0,0,16015.869244000001,0,16015.869244000001,0,0.6015869244000002
1.1528327080432774,0.9931084104563734,0.15972429758690398,-0.10472117112363555,0.0864473623524038,0.011229113268703378,-0.007094388059382356,107.589996,0.005513981308411298,0.02304363737914772,107.400002,HOLD,0,0,16015.869244000001,0,16015.869244000001,0,0.6015869244000002
1.0155433877239943,0.9975954059098977,0.017947981814096625,-0.14177631577280736,-0.03705514464917181,-0.00890635011276687,-0.020135463381470247,106.669998,-0.00855096230322372,0.014492675075924,108.029999,HOLD,0,0,16015.869244000001,0,16015.869244000001,0,0.6015869244000002
0.6315640810610148,0.9243891409401213,-0.29282505987910645,-0.3107730416932031,-0.16899672592039572,-0.04571252917672043,-0.036806179063953566,103.349998,-0.03112402795770186,-0.01663135288177786,106.150002,HOLD,0,0,16015.869244000001,0,16015.869244000001,0,0.6015869244000002
0.21503825297962464,0.782518963348022,-0.5674807103683973,-0.27465565048929086,0.03611739120391222,-0.07089521459972778,-0.025182685423007344,101.989998,-0.013159168130801535,-0.029790521012579396,103.699997,HOLD,0,0,16015.869244000001,0,16015.869244000001,0,0.6015869244000002
-0.21904937019500892,0.5822052966394158,-0.8012546668344247,-0.2337739564660274,0.04088169402326347,-0.08680026918378228,-0.01590505458405451,100.669998,-0.012942445591576424,-0.04273296660415582,101.43,HOLD,0,0,16015.869244000001,0,16015.869244000001,0,0.6015869244000002
-0.6132883186059672,0.3431065735903392,-0.9563948921963064,-0.15514022536188166,0.07863373110414573,-0.11934358016594897,-0.03254331098216667,99.959999,-0.007052736804464943,-0.04978570340862076,99.800003,HOLD,0,0,16015.869244000001,0,16015.869244000001,0,0.6015869244000002
-0.8290219412230186,0.10868087062766763,-0.9377028118506863,0.018692080345620088,0.17383230570750174,-0.12434428323181805,-0.005000703065869083,101.040001,0.010804341844781407,-0.038981361563839356,100.470001,BUY,159,100.470001,41.139085000002524,16065.360159,16106.499244000002,0.00565876248233943,0.6106499244000002
-0.9056334240002002,-0.09418198829790594,-0.8114514357022943,0.126251376148392,0.1075592958027719,-0.1321493932931776,-0.007805110061359544,102.080002,0.010292963081027562,-0.028688398482811794,101.779999,HOLD,159,100.470001,41.139085000002524,16230.720318,16271.859403000002,0.010266672881234618,0.6271859403000002
-0.9433701649339099,-0.2640196236251067,-0.6793505413088032,0.13210089439349104,0.00584951824509905,-0.11349645434953826,0.01865293894363934,102.230003,0.0014694455041253107,-0.027218952978686484,101.860001,HOLD,159,100.470001,41.139085000002524,16254.570477,16295.709562000002,0.001465730400522114,0.6295709562000001
-1.312385319056503,-0.473692762711386,-0.8386925563451169,-0.15934201503631362,-0.29144290942980466,-0.11031380250556569,0.0031826518439725727,97.839996,-0.04294245203142566,-0.07016140501011214,96.660004,SELL,0,0,15410.079721000002,0,15410.079721000002,-0.05434742424872385,0.5410079721000002
-1.5418709546903813,-0.6873284011071851,-0.8545425535831962,-0.01584999723807934,0.14349201779823428,-0.10142668511701006,0.008887117388555622,98.400002,0.00572369197562117,-0.06443771303449097,99.269997,HOLD,0,0,15410.079721000002,0,15410.079721000002,0,0.5410079721000002
-1.9761193250053566,-0.9450865858868194,-1.0310327391185372,-0.17649018553534102,-0.16064018829726168,-0.1048980720932634,-0.0034713869762533654,94.989998,-0.03465451149076193,-0.0990922245252529,96.639999,HOLD,0,0,15410.079721000002,0,15410.079721000002,0,0.5410079721000002
-2.4525688080155987,-1.2465830303125753,-1.2059857777030234,-0.1749530385844862,0.0015371469508548286,-0.09131607178239172,0.01358200031087169,93,-0.02094955302557222,-0.12004177755082512,96.550003,HOLD,0,0,15410.079721000002,0,15410.079721000002,0,0.5410079721000002
-2.620013960710054,-1.5212692163920711,-1.0987447443179827,0.10724103338504065,0.28219407196952684,-0.05312640339495857,0.03818966838743315,95.230003,0.023978526881720308,-0.09606325066910482,94.199997,BUY,163,94.199997,55.48021000000335,15522.490489,15577.970699000003,0.010894880561273634,0.5577970699000003
-2.9175852688243964,-1.8005324268785363,-1.11705284194586,-0.01830809762787733,-0.12554913101291798,-0.03157981751114356,0.021546585883815007,92.769997,-0.025832257928207647,-0.12189550859731246,95.129997,SELL,0,0,15561.669721000004,0,15561.669721000004,-0.0010464121620825662,0.5561669721000004
-2.859014410294904,-2.0122288235618098,-0.8467855867330942,0.27026725521276584,0.2885753528406432,0.01096093054632119,0.04254074805746475,96.010002,0.034925138566081815,-0.08697037003123065,93.849998,BUY,165,93.849998,76.4200510000046,15841.65033,15918.070381000005,0.022902469104523426,0.5918070381000005
-2.657695117597484,-2.1413220823689447,-0.5163730352285394,0.33041255150455484,0.060145296291789,0.04213297766221467,0.031172047115893477,97.550003,0.016040005915217037,-0.07093036411601361,96.599998,HOLD,165,93.849998,76.4200510000046,16095.750495,16172.170546000005,0.015963000471671318,0.6172170546000005
-2.4114459040300176,-2.1953468467011596,-0.21609905732885792,0.30027397789968147,-0.030138573604873375,0.059535237837343616,0.01740226017512895,98.279999,0.007483300641210722,-0.06344706347480289,97.550003,HOLD,165,93.849998,76.4200510000046,16216.199835000001,16292.619886000006,0.007447939017053651,0.6292619886000006
-2.226931940077975,-2.201663865376523,-0.025268074701452203,0.19083098262740572,-0.10944299527227574,0.06540824666073508,0.005873008823391468,97.830002,-0.004578724100312681,-0.06802578757511557,97.769997,HOLD,165,93.849998,76.4200510000046,16141.95033,16218.370381000004,-0.004557247730538561,0.6218370381000005
-2.1271914049009837,-2.186769373281415,0.05957796838043139,0.0848460430818836,-0.10598493954552213,0.0898270524725548,0.02441880581181972,96.949997,-0.008995246672896862,-0.07702103424801243,98.089996,HOLD,165,93.849998,76.4200510000046,15996.749505,16073.169556000004,-0.008952861575420967,0.6073169556000004
-2.329534958196504,-2.215322490264433,-0.11421246793207107,-0.17379043631250246,-0.25863647939438605,0.0740330085651125,-0.015794043907442313,93.129997,-0.03940175470041529,-0.11642278894842772,95.970001,SELL,0,0,15911.470216000003,0,15911.470216000003,-0.010060202465769441,0.5911470216000003
-2.542886027494177,-2.280835197710382,-0.2620508297837949,-0.14783836185172383,0.02595207446077863,0.0768981909334742,0.0028651823683617183,92.110001,-0.01095238948627908,-0.1273751784347068,92.75,HOLD,0,0,15911.470216000003,0,15911.470216000003,0,0.5911470216000003
-2.6834557481405596,-2.361359307796418,-0.32209644034414175,-0.06004561056034685,0.08779275129137698,0.08838893373588814,0.011490742802413934,92.080002,-3.256866754349774e-4,-0.12770086511014178,92.220001,HOLD,0,0,15911.470216000003,0,15911.470216000003,0,0.5911470216000003
-2.7271108312892522,-2.4345096124949848,-0.2926012187942675,0.029495221549874273,0.08954083211022112,0.08061435255237151,-0.007774581183516638,92.529999,0.004887022048500889,-0.12281384306164089,92.519997,BUY,171,92.519997,90.55072900000232,15822.629829000001,15913.180558000004,1.074911354377317e-4,0.5913180558000004
-2.8163893513483202,-2.510885560265652,-0.3055037910826681,-0.012902572288400638,-0.04239779383827491,0.08115490508631917,5.405525339476691e-4,91.449997,-0.011671911938527124,-0.13448575500016802,92.449997,SELL,0,0,15899.500216000002,0,15899.500216000002,-8.596862173554376e-4,0.5899500216000002
-2.971505783288066,-2.603009604870135,-0.36849617841793103,-0.06299238733526291,-0.050089815046862274,0.0478289408315163,-0.03332596425480287,89.980003,-0.016074292490135367,-0.15056004749030338,90,HOLD,0,0,15899.500216000002,0,15899.500216000002,0,0.5899500216000002
-2.8134748307247577,-2.6451026500410597,-0.16837218068369797,0.20012399773423306,0.263116385069496,0.03480008545448412,-0.013028855377032179,93.059998,0.03422977214170575,-0.11633027534859763,90.720001,BUY,175,90.720001,23.500041000002966,16285.499649999998,16308.999691,0.025755493533558438,0.6308999691000001
-2.656801134776572,-2.647442346988162,-0.009358787788409817,0.15901339289528815,-0.04111060483894491,0.02067402695404479,-0.014126058500439331,93.07,1.0747904808683373e-4,-0.1162227963005108,92.919998,HOLD,175,90.720001,23.500041000002966,16287.249999999998,16310.750041000001,1.0732417886827328e-4,0.6310750041000002
-2.4295861178966334,-2.6038711011698563,0.17428498327322295,0.18364377106163277,0.024630378166344613,0.019955305797467494,-7.187211565772955e-4,94,0.00999247877941345,-0.10623031752109735,93.300003,HOLD,175,90.720001,23.500041000002966,16450,16473.500041000003,0.009978081914743475,0.6473500041000003
-2.174422134667111,-2.517981307869307,0.3435591732021961,0.16927418992897314,-0.014369581132659626,0.028398120482176447,0.008442814684708954,94.620003,0.006595776595744729,-0.09963454092535262,93.629997,HOLD,175,90.720001,23.500041000002966,16558.500525,16582.000566000002,0.006586367482924516,0.6582000566000002
-1.8954825793201309,-2.3934815621594723,0.4979989828393414,0.15443980963714532,-0.01483438029182782,0.06122114507714123,0.03282302459496478,95.300003,0.007186641074192313,-0.09244789985116031,94.43,HOLD,175,90.720001,23.500041000002966,16677.500525,16701.000566000002,0.007176456153547672,0.6701000566000003
-1.696023171805308,-2.2539898840886394,0.5579667122833314,0.05996772944398998,-0.09447208019315534,0.0820017542067126,0.02078060912957138,94.790001,-0.005351542328912662,-0.09779944218007297,95,HOLD,175,90.720001,23.500041000002966,16588.250175,16611.750216000004,-0.005344012153481126,0.6611750216000004
-1.5276034631050237,-2.1087125998919163,0.5811091367868926,0.023142424503561188,-0.036825304940428794,0.0903205577131034,0.008318803506390804,94.699997,-9.495094319073027e-4,-0.09874895161198027,94.660004,HOLD,175,90.720001,23.500041000002966,16572.499475,16595.999516000003,-9.481661953253395e-4,0.6595999516000004
-1.3965893726634562,-1.9662879544462244,0.5696985817827682,-0.011410555004124356,-0.034552979507685544,0.08622998005770355,-0.004090577655399863,94.470001,-0.0024286801191767404,-0.10117763173115701,94.5,SELL,0,0,16561.000041000003,0,16561.000041000003,-0.0021089103410889543,0.6561000041000002
-1.1368311152215966,-1.800396586601299,0.6635654713797023,0.09386688959693412,0.10527744460105848,0.09690692624623702,0.010676946188533477,96.239998,0.018736074746098508,-0.0824415569850585,95.220001,BUY,173,95.220001,87.93986800000494,16649.519654,16737.459522000005,0.010655122309229048,0.6737459522000004
-0.6706744620666285,-1.574452161694365,0.9037776996277365,0.24021222824803412,0.1463453386511,0.12722738780456672,0.030320461558329702,99.370003,0.032522912147192606,-0.0499186448378659,98.779999,HOLD,173,95.220001,87.93986800000494,17191.010519,17278.950387000004,0.03235203432684952,0.7278950387000005
-0.2978089992008677,-1.3191235291956658,1.021314529994798,0.11753683036706164,-0.12267539788097248,0.11896867106784959,-0.008258716736717141,99.370003,0,-0.0499186448378659,99.730003,HOLD,173,95.220001,87.93986800000494,17191.010519,17278.950387000004,0,0.7278950387000005
0.04398322383299558,-1.0465021785899336,1.0904854024229291,0.069170872428131025,-0.048365957938930615,0.10998441902113387,-0.008984252046715713,99.949997,0.005836711104859171,-0.04408193373300673,100.449997,HOLD,173,95.220001,87.93986800000494,17291.349481,17379.289349000006,0.005807005619710148,0.7379289349000006
0.42693783477027125,-0.7518141759178927,1.178752010688164,0.0882666082652348,0.019095735837103778,0.10044670274149407,-0.009537716279639796,101.400002,0.014507304087262751,-0.029574629645743977,99.800003,HOLD,173,95.220001,87.93986800000494,17542.200346,17630.140214000006,0.014433896574397753,0.7630140214000006
0.5641590731425481,-0.48861952610580456,1.0527785992483527,-0.12597341143981122,-0.21424001970504603,0.07092194260461564,-0.029524760136878436,99.419998,-0.019526666281525218,-0.049101295927269195,101.720001,SELL,0,0,17685.500041000003,0,17685.500041000003,0.003140067312455974,0.7685500041000003
0.8542994955351588,-0.2200357217776119,1.0743352173127707,0.021556618064418,0.14753002950422922,0.05763362344734291,-0.013288319157272733,101.790001,0.023838292573693298,-0.025263003353575897,100.290001,BUY,176,100.290001,34.45986500000072,17915.040176000002,17949.500041000003,0.014927482931665681,0.7949500041000003
1.10777908008167,0.04552723859424446,1.0622518414874256,-0.012083375825345133,-0.03363999388976313,0.050428512920409396,-0.007205110526933511,102.239998,0.004420836973957787,-0.02084216637961811,101.43,SELL,0,0,17886.139865,0,17886.139865,-0.0035299131371501202,0.7886139865000001
1.3112998704804255,0.29868176497148063,1.012618105508945,-0.04963373597848064,-0.03755036015313551,0.04315089687220521,-0.007277616048204183,102.459999,0.002151809510011926,-0.018690356869606184,102.290001,HOLD,0,0,17886.139865,0,17886.139865,0,0.7886139865000001
1.5116507476249694,0.5412755615021785,0.970375186122791,-0.04224291938615399,0.0073908165923266544,0.04006766043400225,-0.003083236438202963,103.160004,0.00683198327964063,-0.011858373589965554,101.660004,HOLD,0,0,17886.139865,0,17886.139865,0,0.7886139865000001
1.6298551585202858,0.7589914809058,0.8708636776144858,-0.09951150850830515,-0.05726858912215116,0.020729820623478324,-0.019337839810523928,102.889999,-0.002617341891533842,-0.014475715481499396,102.559998,HOLD,0,0,17886.139865,0,17886.139865,0,0.7886139865000001
1.5228093020021305,0.9117550451250662,0.6110542568770643,-0.2598094207374215,-0.16029791222911638,-0.029272344275067242,-0.050002164898545566,100.620003,-0.022062358072333255,-0.03653807355383265,102.690002,HOLD,0,0,17886.139865,0,17886.139865,0,0.7886139865000001
1.2325274451631003,0.975909525132673,0.25661792003042727,-0.354436336846637,-0.09462691610921548,-0.07646966099643711,-0.04719731672136986,98.25,-0.023553994527310773,-0.060092068081143424,100.230003,HOLD,0,0,17886.139865,0,17886.139865,0,0.7886139865000001
0.8354974268970494,0.9478271054855484,-0.11232967858849896,-0.36894759861892623,-0.01451126177228923,-0.12028150810114283,-0.043811847104705724,96.300003,-0.01984729770992366,-0.07993936579106709,97.699997,HOLD,0,0,17886.139865,0,17886.139865,0,0.7886139865000001
0.5635737325074359,0.8709764308899259,-0.30740269838249,-0.19507301979399105,0.17387457882493518,-0.1486154709070654,-0.028333962805922586,96.910004,0.006334381941815792,-0.0736049838492513,94.589996,HOLD,0,0,17886.139865,0,17886.139865,0,0.7886139865000001
-0.11857269167254003,0.6730666063774328,-0.7916392980499728,-0.4842365996674828,-0.2891635798734917,-0.18444178972983255,-0.035826318822767156,91.110001,-0.05984937323911377,-0.13345435708836506,91.120003,HOLD,0,0,17886.139865,0,17886.139865,0,0.7886139865000001
-0.7944587426206908,0.37956153657780806,-1.1740202791984988,-0.38238098114852603,0.10185561851895675,-0.22483554965112695,-0.0403937599212944,89.32,-0.01964659181597428,-0.15310094890433934,91.510002,HOLD,0,0,17886.139865,0,17886.139865,0,0.7886139865000001
-1.2686774692311218,0.04991373541602212,-1.318591204647144,-0.14457092544864514,0.2378100556998809,-0.23808430461345695,-0.01324875496233,89.900002,0.006493528884908173,-0.14660742001943117,90,HOLD,0,0,17886.139865,0,17886.139865,0,0.7886139865000001
-1.4502602382936516,-0.2501210593259126,-1.200139178967739,0.11845202567940505,0.2630229511280502,-0.22127572844766838,0.01680857616578857,92.099998,0.024471590111866615,-0.12213582990756455,89.300003,BUY,200,89.300003,26.139265000001615,18419.9996,18446.138865,0.03130910326245506,0.8446138865000001
-1.3861408096298788,-0.47732500938670586,-0.908815800243173,0.29132337872456593,0.17287135304516088,-0.1879190986365964,0.03335662981107199,94.480003,0.02584153150578783,-0.09629429840177672,91.610001,HOLD,200,89.300003,26.139265000001615,18896.0006,18922.139865,0.02580491253392725,0.8922139865000001
-1.04329967538186,-0.5905199425857367,-0.45277973279612327,0.4560360674470497,0.1647126887224838,-0.1323643410410609,0.055554757595535485,97.949997,0.03672728503194489,-0.059567013369831834,95,HOLD,200,89.300003,26.139265000001615,19589.9994,19616.138665000002,0.03667654953146604,0.9616138665000002
-0.755622687861262,-0.6235404916408418,-0.13208219622042017,0.3206975365757031,-0.13533853087134662,-0.07431364530974842,0.05805069573131246,98.040001,9.188770061934193e-4,-0.058648136363638415,97.669998,HOLD,200,89.300003,26.139265000001615,19608.000200000002,19634.139465000004,9.176525669711832e-4,0.9634139465000003
-0.49928754734953884,-0.5986899027825813,0.09940235543304243,0.2314845516534626,-0.0892129849222405,-0.01572155645973846,0.05859208885000996,98.32,0.0028559669231336127,-0.0557921694405048,97.150002,HOLD,200,89.300003,26.139265000001615,19664,19690.139265,0.002852164725620998,0.9690139265000002
-0.23772239113837657,-0.5264964004537404,0.2887740093153638,0.18937165388232136,-0.042112897771141244,0.0401103687903863,0.05583192525012476,99.010002,0.007017921074043976,-0.048774248366460826,97.699997,HOLD,200,89.300003,26.139265000001615,19802.0004,19828.139665000002,0.007008604568140564,0.9828139665000002
0.040913812629767676,-0.41301435783703877,0.45392817046680645,0.16515416115144266,-0.024217492730878698,0.07613308688492967,0.03602271809454337,99.900002,0.008988990829431609,-0.03978525753702922,99.370003,HOLD,200,89.300003,26.139265000001615,19980.0004,20006.139665000002,0.00897714072057898,1.0006139665000002
0.2116864302529109,-0.28807420021904884,0.49976063047195973,0.045832460005153286,-0.11932170114628937,0.1291399928521933,0.05300690596726361,99.309998,-0.0059059458277088694,-0.04569120336473809,99.980003,HOLD,200,89.300003,26.139265000001615,19861.9996,19888.138865,-0.005898229342387262,0.9888138865000001
0.33828409442772056,-0.16280254128969496,0.5010866357174155,0.0013260052454557858,-0.0445064547596975,0.16751069149159145,0.03837069863939818,99.25,-6.041486376828775e-4,-0.046295352002420964,100.25,HOLD,200,89.300003,26.139265000001615,19850,19876.139265,-6.033545964985176e-4,0.9876139265000001
0.396920132234996,-0.050858006584756754,0.44777813881975276,-0.05330849689766276,-0.054634502143118546,0.1766369343466897,0.009126242855098238,98.790001,-0.00463475062972285,-0.050930102632143814,98.389999,SELL,0,0,19704.139065000003,0,19704.139065000003,-0.00865360207567445,0.9704139065000003
0.2819835449645325,0.015710303725101092,0.2662732412394314,-0.18150489758032134,-0.12819640068265858,0.14664124202071707,-0.02999569232597264,96.830002,-0.019840054460572465,-0.07077015709271628,99.019997,HOLD,0,0,19704.139065000003,0,19704.139065000003,0,0.9704139065000003
0.17037212707496963,0.046642668395074804,0.12372945867989482,-0.1425437825595366,0.03896111502078475,0.10325452589230681,-0.04338671612841025,96.599998,-0.0023753381725634126,-0.07314549526527969,96.709999,HOLD,0,0,19704.139065000003,0,19704.139065000003,0,0.9704139065000003
0.4256011059127758,0.12243435589861501,0.30316675001416077,0.17943729133426595,0.32198107389380254,0.07559464828102844,-0.027659877611278378,100.919998,0.04472049782030019,-0.028424997444979505,97.989998,BUY,201,97.989998,8.149467000002915,20284.919598,20293.069065000003,0.029888644109607565,1.0293069065000002
0.6598054727410982,0.22990857926711167,0.4298968934739866,0.1267301434598258,-0.05270714787444014,0.0561979089694407,-0.01939673931158773,101.410004,0.004855390504466595,-0.02356960694051291,100.089996,HOLD,201,97.989998,8.149467000002915,20383.410804,20391.560271000002,0.004853440634559725,1.0391560271000002
0.6004517376608334,0.30401721094585604,0.29643452671497733,-0.13346236675900924,-0.26019251021883505,0.019703217128193517,-0.036494691841247186,98.459999,-0.02908988150715386,-0.05265948844766677,100.349998,SELL,0,0,20178.499065000004,0,20178.499065000004,-0.010448499436455871,1.0178499065000004
0.08682210775280907,0.26057819030724666,-0.17375608255443759,-0.4701906092694149,-0.3367282425104057,-0.04625300918698011,-0.06595622631517363,92.690002,-0.05860244828968553,-0.1112619367373523,98.419998,HOLD,0,0,20178.499065000004,0,20178.499065000004,0,1.0178499065000004
-0.2001164582178916,0.16843926060221903,-0.3685557188201106,-0.19479963626567304,0.2753909730037419,-0.08224838892869168,-0.03599537974171157,94.150002,0.01575142915629657,-0.09551050758105573,92.639999,HOLD,0,0,20178.499065000004,0,20178.499065000004,0,1.0178499065000004
-0.5423034662209574,0.026290715237583737,-0.5685941814585411,-0.2000384626384305,-0.005238826372757466,-0.10683548119305009,-0.02458709226435838,92.650002,-0.015932023028528475,-0.1114425306095842,93.790001,HOLD,0,0,20178.499065000004,0,20178.499065000004,0,1.0178499065000004
-0.8129936124772428,-0.14156615030538158,-0.6714274621718612,-0.1028332807133201,0.0972051819251104,-0.11725140978892767,-0.010415928595877588,92.540001,-0.0011872746640630982,-0.1126298052736473,90.589996,HOLD,0,0,20178.499065000004,0,20178.499065000004,0,1.0178499065000004
-0.7102806773506529,-0.25530905571443585,-0.45497162163621707,0.21645584053564415,0.31928912124896425,-0.09027497604559698,0.02697643374333069,96.370003,0.04138752926963973,-0.07124227600400757,93.410004,BUY,216,93.410004,1.938201000004483,20815.920648,20817.858849000004,0.03168520026888344,1.0817858849000004
-0.6903172817118701,-0.3423107009139227,-0.34800658079794744,0.10696504083826963,-0.10949079969737452,-0.06142798220373789,0.028846993841859098,95.510002,-0.008923949084031824,-0.08016622508803939,94.760002,HOLD,216,93.410004,1.938201000004483,20630.160432,20632.098633000005,-0.008923118239363093,1.0632098633000004
-0.920484794738897,-0.4579455196789176,-0.4625392750599794,-0.11453269426203194,-0.22149773510030157,-0.05862687337398742,0.002801108829750465,92.330002,-0.03329494224070906,-0.11346116732874845,94.959999,SELL,0,0,20513.297985000005,0,20513.297985000005,-0.005758049634853157,1.0513297985000005
-0.9443425466006516,-0.5552249250632644,-0.38911762153738727,0.07342165352259211,0.18795434778462405,-0.06922843715515481,-0.010601563781167384,94.160004,0.01982023134798605,-0.0936409359807624,93.459999,BUY,219,93.459999,45.55820400000448,20621.040876,20666.599080000004,0.0074732544280347035,1.0666599080000003
-1.0886835938245412,-0.6619166588155198,-0.4267669350090214,-0.03764931347163414,-0.11107096699422625,-0.0856663828483008,-0.016437945693145994,92.449997,-0.01816065131008282,-0.11180158729084522,94.940002,SELL,0,0,20837.418642000004,0,20837.418642000004,0.00826548970823704,1.0837418642000005
-1.4534100827455205,-0.82021534360152,-0.6331947391440005,-0.20642780413497908,-0.16877849066334494,-0.09296292658589779,-0.0072965437375969834,89.139999,-0.03580311635921407,-0.1476047036500593,90.220001,HOLD,0,0,20837.418642000004,0,20837.418642000004,0,1.0837418642000005
-2.022544556028393,-1.0606811860868948,-0.9618633699414982,-0.32866863079749775,-0.12224082666251868,-0.07881072873870607,0.014152197847191716,85.379997,-0.04218086203927374,-0.18978556568933302,88.669998,HOLD,0,0,20837.418642000004,0,20837.418642000004,0,1.0837418642000005
-2.224429632748283,-1.2934308754191723,-0.9309987573291105,0.03086461261238771,0.35953324340988546,-0.05624430385089998,0.022566424887806073,88.150002,0.03244325482934829,-0.15734231085998474,87.029999,BUY,239,87.029999,37.248881000003166,21067.850478,21105.099359000003,0.012846155351529998,1.1105099359000004
-2.109958788209724,-1.4567364579772826,-0.6532223302324414,0.27777642709666917,0.24691181448428146,-0.008462814877390012,0.047781488973509964,91.25,0.03516730493097442,-0.12217500592901032,91.459999,HOLD,239,87.029999,37.248881000003166,21808.75,21845.998881000003,0.03510523733611581,1.1845998881000004
-1.9898466132782886,-1.5633584890374839,-0.42648812424080473,0.22673420599163663,-0.05104222110503254,0.02449393379310566,0.032956748670495674,91.330002,8.767342465751948e-4,-0.12129827168243512,87.769997,HOLD,239,87.029999,37.248881000003166,21827.870477999997,21865.119359,8.752393563760119e-4,1.1865119359
-1.797282081770419,-1.6101432075840711,-0.18713887418634778,0.23934925005445695,0.012615044062820324,0.02678327474498694,0.0022893409518812803,92.279999,0.010401806407493774,-0.11089646527494135,92.800003,HOLD,239,87.029999,37.248881000003166,22054.919761,22092.168642000004,0.010384086145248883,1.2092168642000005
-1.6123694934748585,-1.6105884647622288,-0.0017810287126296398,0.18535784547371814,-0.05399140458073881,0.03462255520853179,0.00783928046354485,92.449997,0.0018421976792608596,-0.10905426759568049,92.440002,HOLD,239,87.029999,37.248881000003166,22095.549283,22132.798164000003,0.0018390916101715948,1.2132798164000003
-1.4570975055683704,-1.5798902729234574,0.12279276735508704,0.12457379606771668,-0.06078404940600146,0.05853320424150665,0.02391064903297486,92.349998,-0.0010816549837204814,-0.11013592257940097,93.25,HOLD,239,87.029999,37.248881000003166,22071.649522,22108.898403000003,-0.0010798345886005034,1.2108898403000004
-1.1313762557206104,-1.4901874694828883,0.35881121376227787,0.23601844640719083,0.11144465033947415,0.07479288352996652,0.016259679288459873,94.699997,0.025446659998844767,-0.0846892625805562,93.470001,HOLD,239,87.029999,37.248881000003166,22633.299283,22670.548164000003,0.025403787685947643,1.2670548164000004
-0.7970773818430814,-1.3515654519549272,0.5544880701118458,0.19567685634956788,-0.040341590057622945,0.09812550051208672,0.0233326169821202,95.529999,0.008764540932350906,-0.0759247216482053,94.199997,HOLD,239,87.029999,37.248881000003166,22831.669761,22868.918642000004,0.008750140339129686,1.2868918642000005
-0.5212927213197389,-1.1855109058278896,0.6642181845081507,0.10973011439630498,-0.0859467419532629,0.12974129236521512,0.031615791853128405,95.589996,6.280435531040851e-4,-0.07529667809510121,95.589996,HOLD,239,87.029999,37.248881000003166,22846.009044,22883.257925,6.27020596140504e-4,1.2883257925000002
-0.36070564288897344,-1.0205498532401065,0.659844210351133,-0.004373974157017679,-0.11410408855332266,0.16217075802926312,0.03242946566404801,94.82,-0.008055194395028553,-0.08335187249012976,94.449997,SELL,0,0,22610.798164000003,0,22610.798164000003,-0.011906510947566451,1.2610798164000003
-0.22439702425644725,-0.8613192874433747,0.6369222631869275,-0.02292194716420559,-0.018547973007187912,0.1567921020516038,-0.00537865597765933,94.900002,8.437249525417023e-4,-0.08250814753758806,95.239998,HOLD,0,0,22610.798164000003,0,22610.798164000003,0,1.2610798164000003
-0.21077218602006553,-0.731209867158713,0.5204376811386474,-0.11648458204828005,-0.09356263488407446,0.11736600113710886,-0.03942610091449492,93.699997,-0.012644941777767316,-0.09515308931535538,94.580002,HOLD,0,0,22610.798164000003,0,22610.798164000003,0,1.2610798164000003
-0.16419074083748342,-0.617806041894467,0.45361530105698356,-0.06682238008166386,0.04966220196661619,0.08801034252977882,-0.029355658607330047,94.120003,0.004482454785991186,-0.09067063452936419,94.389999,HOLD,0,0,22610.798164000003,0,22610.798164000003,0,1.2610798164000003
-0.1338018736336153,-0.5210052082422967,0.3872033346086814,-0.06641196644830216,4.104136333616948e-4,0.05743422087950291,-0.03057612165027591,94.019997,-0.0010625371527027694,-0.09173317168206696,94.440002,HOLD,0,0,22610.798164000003,0,22610.798164000003,0,1.2610798164000003
-0.26960748623874053,-0.47072566384158543,0.2011181776028449,-0.1860851570058365,-0.11967319055753434,0.020289920631547442,-0.03714430024795547,92,-0.021484759247546115,-0.11321793092961308,93.599998,HOLD,0,0,22610.798164000003,0,22610.798164000003,0,1.2610798164000003
-0.16153927404916146,-0.40888838588310067,0.2473491118339392,0.04623093423109431,0.2323160912369308,0.012455634447885205,-0.007834286183662238,94.650002,0.02880436956521737,-0.0844135613643957,93.019997,BUY,243,93.019997,6.938893000002281,22999.950486,23006.889379000004,0.017517790045582737,1.3006889379000004
-0.08061358901117899,-0.34323342650871635,0.26261983749753737,0.015270725663598161,-0.03096020856749615,-0.009619137626474062,-0.022074772074359268,94.580002,-7.39566809517922e-4,-0.08515312817391363,93.620003,HOLD,243,93.019997,6.938893000002281,22982.940486,22989.879379,-7.393437556807436e-4,1.2989879379000002
-0.26198976638583815,-0.3269846944841407,0.06499492809830254,-0.19762490939923483,-0.212895635062833,-0.04894931420135433,-0.03933017657488027,91.5,-0.0325650447755329,-0.11771817294944653,93.75,SELL,0,0,22788.188893000002,0,22788.188893000002,-0.008773011927336705,1.2788188893000003
-0.3221337712647312,-0.3260145098402588,0.0038807385755276202,-0.06111418952277492,0.1365107198764599,-0.06603374459326232,-0.01708443039190799,92.489998,0.010819650273224068,-0.10689852267622246,92.099998,HOLD,0,0,22788.188893000002,0,22788.188893000002,0,1.2788188893000003
-0.40307705974517205,-0.3414270198212415,-0.06165003992393053,-0.06553077849945815,-0.004416588976683233,-0.07214942502750636,-0.006115680434244047,92.019997,-0.005081641368399614,-0.11198016404462208,92.18,HOLD,0,0,22788.188893000002,0,22788.188893000002,0,1.2788188893000003
-0.6150630087284839,-0.39615421760269,-0.21890879112579387,-0.15725875120186333,-0.09172797270240518,-0.08558310543127214,-0.013433680403765774,90.099998,-0.020865019154477915,-0.1328451831991,91.660004,HOLD,0,0,22788.188893000002,0,22788.188893000002,0,1.2788188893000003
-0.7892958176615252,-0.47478253761445705,-0.3145132800470682,-0.09560448892127432,0.06165426228058901,-0.08349509611857156,0.002088009312700573,89.910004,-0.002108701489649256,-0.13495388468874925,89.370003,HOLD,0,0,22788.188893000002,0,22788.188893000002,0,1.2788188893000003
-0.9527060147724598,-0.5703672330460576,-0.3823387817264021,-0.06782550167933393,0.02777898724194039,-0.08359540827833856,-1.0031215976700758e-4,89.459999,-0.005005060393502014,-0.13995894508225126,89.82,HOLD,0,0,22788.188893000002,0,22788.188893000002,0,1.2788188893000003
-1.0475407958163885,-0.6658019456001238,-0.38173885021626464,5.999315101374858e-4,0.06842543318947142,-0.07689421848249459,0.006701189795843965,89.739998,0.003129879310640238,-0.13682906577161102,89.489998,BUY,254,89.489998,57.72940100000051,22793.959492,22851.688893000002,0.002786531228881728,1.2851688893000002
-1.1154878089326843,-0.755739118266636,-0.3597486906660483,0.021990159550216326,0.02139022804007884,-0.05608668682688931,0.020807531655605283,89.669998,-7.800312186322378e-4,-0.13760909699024326,89.540001,HOLD,254,89.489998,57.72940100000051,22776.179492000003,22833.908893000003,-7.780606537771684e-4,1.2833908893000003
-1.129685590617143,-0.8305284127367375,-0.2991571778804055,0.06059151278564279,0.03860135323542646,-0.05465062897143447,0.0014360578554548475,90,0.0036801829749120163,-0.13392891401533125,90,HOLD,254,89.489998,57.72940100000051,22860,22917.729401,0.003670878621473861,1.2917729401
-1.0681062390523408,-0.8780439779998582,-0.19006226105248258,0.10909491682792294,0.04850340404228015,-0.04526820985500199,0.009382419116432478,90.75,0.008333333333333304,-0.12559558068199794,90.160004,HOLD,254,89.489998,57.72940100000051,23050.5,23108.229401,0.00831234179733742,1.3108229401
-1.0013062315408803,-0.9026964287080628,-0.0986098028328175,0.09145245821966508,-0.01764245860825786,-0.016360473093111998,0.028907736761889992,90.830002,8.8156473829204e-4,-0.1247140159437059,91.040001,HOLD,254,89.489998,57.72940100000051,23070.820507999997,23128.549908999998,8.793623971516951e-4,1.3128549908999998
-0.9718611403960864,-0.9165293710456676,-0.055331769350418836,0.04327803348239867,-0.04817442473726641,-0.00592125079259464,0.010439222300517359,90.400002,-0.004734118579013069,-0.12944813452271897,90.970001,HOLD,254,89.489998,57.72940100000051,22961.600508,23019.329909,-0.0047223021084212835,1.3019329909
-0.8180581642525055,-0.8968351296870352,0.07877696543452961,0.13410873478494845,0.09083070130254978,0.01404270053584602,0.01996395132844066,91.900002,0.016592919986882393,-0.11285521453583658,90.800003,HOLD,254,89.489998,57.72940100000051,23342.600508,23400.329909,0.01655130716255293,1.3400329909
-0.7281206967411151,-0.8630922430978513,0.13497154635673614,0.05619458092220653,-0.07791415386274192,0.03538803374825301,0.021345333212406985,91.400002,-0.005440696290735625,-0.1182959108265722,92.5,HOLD,254,89.489998,57.72940100000051,23215.600508,23273.329909,-0.005427273909978325,1.3273329909
-0.6238322114060821,-0.8152402367594975,0.1914080253534154,0.05643647899667925,2.4189807447272393e-4,0.050592130540048366,0.015204096791795357,91.720001,0.003501083074374467,-0.11479482775219774,92.949997,HOLD,254,89.489998,57.72940100000051,23296.880254,23354.609655,0.003492398651925077,1.3354609655
-0.7464116008284236,-0.8014745095732828,0.055062908744859196,-0.1363451166085562,-0.19278159560523545,0.04374016904712614,-0.006851961492922226,89.07,-0.028892291442517593,-0.14368711919471533,90.889999,SELL,0,0,23143.789147,0,23143.789147,-0.009026933488261779,1.3143789147
-0.769328323585782,-0.7950452723757826,0.025716948790000638,-0.029345959954858558,0.10699915665369764,0.040745579900626536,-0.0029945891464996043,89.879997,0.009093937352644188,-0.13459318184207114,88.5,HOLD,0,0,23143.789147,0,23143.789147,0,1.3143789147
-1.5195984474146371,-0.9399559073835536,-0.5796425400310835,-0.6053594888210841,-0.5760135288662256,-0.021989384936503514,-0.06273496483713005,80.589996,-0.10336005017890693,-0.23795323202097807,84.949997,HOLD,0,0,23143.789147,0,23143.789147,0,1.3143789147
-2.279956869817127,-1.2079560998702683,-1.0720007699468588,-0.49235822991577527,0.11300125890530888,-0.07728435920664532,-0.05529497427014181,78.209999,-0.029532164265152705,-0.26748539628613077,80,HOLD,0,0,23143.789147,0,23143.789147,0,1.3143789147
-2.8879871452627697,-1.5439623089487686,-1.344024836314001,-0.27202406636714227,0.220334163548633,-0.11539625752615186,-0.038111898319506524,77.730003,-0.006137271527135502,-0.2736226678132663,78.389999,HOLD,0,0,23143.789147,0,23143.789147,0,1.3143789147
-3.5851278209508024,-1.9521954113491753,-1.6329324096016271,-0.28890757328762606,-0.016883506920483793,-0.15343226067688098,-0.038036003150729115,74.550003,-0.040910843654540896,-0.31453351146780717,77.489998,HOLD,0,0,23143.789147,0,23143.789147,0,1.3143789147
-4.01069242075252,-2.3638948132298445,-1.6467976075226751,-0.013865197921048011,0.27504237536657805,-0.15914658381722563,-0.0057143231403446685,75.550003,0.013413815690926256,-0.3011196957768809,74.089996,HOLD,0,0,23143.789147,0,23143.789147,0,1.3143789147
-4.13008691437777,-2.71713323345943,-1.4129536809183403,0.23384392660433484,0.24770912452538285,-0.14917306463528698,0.00997351918193864,77.660004,0.027928536283446492,-0.2731911594934344,76.849998,BUY,301,76.849998,11.93974900000103,23375.661204,23387.600953,0.01053465378773577,1.3387600953
-3.9555947493904,-2.964825536645624,-0.9907692127447758,0.4221844681735645,0.18834054156922964,-0.11257407591015119,0.0365989887251358,80.43,0.035668244364241986,-0.23752291512919244,78.190002,HOLD,301,76.849998,11.93974900000103,24209.43,24221.369749,0.03565003514792098,1.4221369749000001
-3.9205873067434283,-3.155977890665185,-0.7646094160782431,0.22615979666653274,-0.19602467150703173,-0.09560174414316583,0.01697233176698535,78.589996,-0.022877085664553154,-0.2604000007937456,79.379997,HOLD,301,76.849998,11.93974900000103,23655.588796,23667.528545,-0.02286580857066789,1.3667528545
-3.877198155874794,-3.300221943707107,-0.5769762121676867,0.18763320391055638,-0.03852659275597636,-0.06320391209125457,0.032397832051911254,78.230003,-0.004580646625812257,-0.26498064741955785,78.330002,HOLD,301,76.849998,11.93974900000103,23547.230903,23559.170652,-0.004578335790066723,1.3559170652
-4.218620511680001,-3.4839016573016863,-0.7347188543783147,-0.15774264221062806,-0.34537584612118444,-0.07604358031683153,-0.01283966822557695,72.970001,-0.06723765560893558,-0.3322183030284934,76.779999,SELL,0,0,23122.719448000003,0,23122.719448000003,-0.01852574568294263,1.3122719448000004
-4.410918944157828,-3.669305114672915,-0.7416138294849128,-0.006894975106598089,0.15084766710402997,-0.016197128945382923,0.0598464513714486,73.309998,0.004659407912026792,-0.32755889511646663,74,HOLD,0,0,23122.719448000003,0,23122.719448000003,0,1.3122719448000004
-4.580714616963419,-3.8515870151310163,-0.7291276018324031,0.01248622765250973,0.01938120275910782,0.034287316811445576,0.0504844457568285,72.440002,-0.011867358119420301,-0.33942625323588693,73.760002,BUY,313,73.760002,35.838822000005166,22673.720626000002,22709.559448000007,-0.017868140506964947,1.2709559448000007
-4.5945352310764775,-4.000176658320109,-0.5943585727563683,0.13476902907603483,0.1222828014235251,0.07496662635576329,0.04067930954431771,73.279999,0.011595761689791262,-0.32783049154609567,71.739998,HOLD,313,73.760002,35.838822000005166,22936.639687000003,22972.478509000008,0.011577461975958991,1.2972478509000007
-4.411807071409214,-4.08250274093793,-0.3293043304712837,0.26505424228508456,0.13028521320904973,0.13036280791303437,0.055396181557271065,75.050003,0.024153985045769488,-0.3036765065003262,74.389999,HOLD,313,73.760002,35.838822000005166,23490.650939000003,23526.489761000008,0.024116302983282933,1.352648976100001
-4.251871731824778,-4.1163765391153,-0.1354951927094783,0.19380913776180542,-0.07124510452327915,0.1511302414813197,0.020767433568285344,74.629997,-0.005596348876894752,-0.30927285537722093,74.309998,HOLD,313,73.760002,35.838822000005166,23359.189061,23395.027883000006,-0.0055878237397712915,1.3395027883000006
-3.9369149075711647,-4.080484212806473,0.14356930523530842,0.2790644979447867,0.0852553601829813,0.1556522986153649,0.004522057134045188,76.400002,0.02371707183640903,-0.2855557835408119,76.209999,HOLD,313,73.760002,35.838822000005166,23913.200626,23949.039448000007,0.02368073967556894,1.3949039448000007
-3.7410156303631084,-4.0125904963178005,0.27157486595469216,0.12800556071938374,-0.15105893722540298,0.12623440786994683,-0.029417890745418073,75.199997,-0.01570687131657411,-0.301262654857386,75.650002,HOLD,313,73.760002,35.838822000005166,23537.599060999997,23573.437883000002,-0.015683366584097858,1.3573437883000001
-3.5018236310648945,-3.9104371232672195,0.408613492202325,0.13703862624763286,0.009033065528249118,0.11732229082805683,-0.008912117041889989,75.739998,0.007180864648172802,-0.2940817902092132,75,HOLD,313,73.760002,35.838822000005166,23706.619374,23742.458196000007,0.007169947541758148,1.3742458196000007
-3.3136038295513117,-3.7910704645240383,0.47746663497272657,0.06885314277040155,-0.0681854834772313,0.10544428471404135,-0.011878006114015483,75.25,-0.006469474688922006,-0.3005512648981352,76.110001,HOLD,313,73.760002,35.838822000005166,23553.25,23589.088822000005,-0.006459709130954283,1.3589088822000006
-3.1116242491113297,-3.655181221441497,0.5435569723301672,0.06609033735744063,-0.0027628054129609225,0.1278275826708482,0.02238329795680687,75.459999,0.002790684385381992,-0.2977605805127532,76.019997,HOLD,313,73.760002,35.838822000005166,23618.979687,23654.818509000004,0.0027864445081362543,1.3654818509000004
-2.99290394820693,-3.5227257667945837,0.5298218185876538,-0.01373515374251344,-0.07982549109995407,0.1271435648072567,-6.840178635915351e-4,74.519997,-0.012456957493466092,-0.3102175380062193,74.730003,SELL,0,0,23426.329761000005,0,23426.329761000005,-0.00965928983615183,1.3426329761000004
-2.8649844195985565,-3.3911774973553785,0.526193077756822,-0.003628740830831756,0.010106412911681684,0.12553206795892252,-0.0016114968483341486,74.529999,1.3421900701371392e-4,-0.3100833189992056,73.470001,HOLD,0,0,23426.329761000005,0,23426.329761000005,0,1.3426329761000004
-2.53427817445413,-3.219797632775129,0.6855194583209991,0.15932638056417714,0.1629551213950089,0.12798780310773678,0.002455735148814231,77.010002,0.0332752318968903,-0.2768080871023153,75.220001,BUY,311,75.220001,32.90945000000647,23950.110622,23983.020072000007,0.023763445519612514,1.3983020072000008
-2.1066960373813686,-2.997177313696377,0.8904812763150085,0.20496181799400937,0.045635437429832226,0.12197856067862925,-0.00600924242910752,78.760002,0.022724320926520658,-0.25408376617579465,77.290001,HOLD,311,75.220001,32.90945000000647,24494.360622,24527.270072000007,0.022693138660856427,1.4527270072000007
-1.785180812753083,-2.7547780135077184,0.9695972007546354,0.0791159244396269,-0.12584589355438247,0.1105092393464114,-0.011469321332217852,78.290001,-0.005967508736223648,-0.2600512749120183,77.949997,HOLD,311,75.220001,32.90945000000647,24348.190311000002,24381.09976100001,-0.005959501834933656,1.438109976100001
-1.5743622998647737,-2.5186948707791297,0.944332570914356,-0.02526462984027944,-0.10438055427990633,0.08007632656790478,-0.030432912778506616,77.519997,-0.009835278964934524,-0.2698865538769528,79.080002,SELL,0,0,24626.790072000003,0,24626.790072000003,0.010077080747317169,1.4626790072000004
-1.3529588119908595,-2.2855476590214754,0.9325888470306158,-0.01174372388374012,0.01352090595653932,0.06610139810759239,-0.013974928460312386,78,0.006191989403714793,-0.263694564473238,78.019997,HOLD,0,0,24626.790072000003,0,24626.790072000003,0,1.4626790072000004
-1.2462413692179695,-2.0776864010607743,0.8314450318428048,-0.10114381518781101,-0.0894000913040709,0.042283153964048005,-0.023818244143544387,76.970001,-0.01320511538461544,-0.27689967985785346,76.739998,HOLD,0,0,24626.790072000003,0,24626.790072000003,0,1.4626790072000004
-1.1460355736640793,-1.8913562355814353,0.745320661917356,-0.08612436992544881,0.015019445262362208,0.026785402694462966,-0.015497751269585035,77,3.8974924789214604e-4,-0.2765099306099613,77.910004,HOLD,0,0,24626.790072000003,0,24626.790072000003,0,1.4626790072000004
-0.9746944452538742,-1.708023877515923,0.7333294322620489,-0.011991229655307079,0.07413314027014173,0.018977245993188195,-0.007808156701274771,78,0.01298701298701288,-0.26352291762294844,76.910004,HOLD,0,0,24626.790072000003,0,24626.790072000003,0,1.4626790072000004
-0.8963534193455445,-1.5456897858818475,0.649336366536303,-0.08399306572574594,-0.07200183607043886,0.011951454794864947,-0.00702579119832325,77.160004,-0.010769179487179481,-0.2742920971101279,76.690002,HOLD,0,0,24626.790072000003,0,24626.790072000003,0,1.4626790072000004
-1.014618217629959,-1.4394754722314698,0.4248572546015108,-0.2244791119347922,-0.14048604620904626,-0.010133582315531098,-0.022085037110396045,74.779999,-0.03084506060937997,-0.3051371577195079,76.889999,HOLD,0,0,24626.790072000003,0,24626.790072000003,0,1.4626790072000004
-1.3789037864553109,-1.427361135076238,0.04845734862092721,-0.3763999059805836,-0.1519207940457914,-0.06370621097000717,-0.053572628654476075,71.230003,-0.04747253339760016,-0.35260969111710805,73.019997,HOLD,0,0,24626.790072000003,0,24626.790072000003,0,1.4626790072000004
-1.928598864179392,-1.527608680896869,-0.4009901832825231,-0.4494475319034503,-0.07304762592286673,-0.12914714595975313,-0.06544093498974597,67.720001,-0.0492770160349425,-0.40188670715205055,69.470001,HOLD,0,0,24626.790072000003,0,24626.790072000003,0,1.4626790072000004
-2.3109683653685664,-1.6842806177912086,-0.6266877475773578,-0.22569756429483467,0.22374996760861565,-0.1596284948331993,-0.030481348873446158,68.050003,0.004873035958756322,-0.3970136711932942,67.949997,HOLD,0,0,24626.790072000003,0,24626.790072000003,0,1.4626790072000004
-2.5004495031621445,-1.8475143948653958,-0.6529351082967487,-0.026247360719390933,0.19945020357544374,-0.15972676792111046,-9.82730879111493e-5,69.099998,0.015429756851002674,-0.38158391434229155,68.959999,HOLD,0,0,24626.790072000003,0,24626.790072000003,0,1.4626790072000004
-2.92433961963107,-2.0628794398185306,-0.8614601798125392,-0.20852507151579047,-0.18227771079639954,-0.17940490268431547,-0.019678134763205034,65.290001,-0.055137440090808676,-0.43672135443310023,67.029999,HOLD,0,0,24626.790072000003,0,24626.790072000003,0,1.4626790072000004
-3.1664833562419545,-2.2836002231032158,-0.8828831331387388,-0.02142295332619959,0.18710211818959088,-0.17143281649815434,0.007972086186161142,66,0.010874544174076517,-0.4258468102590237,65.190002,HOLD,0,0,24626.790072000003,0,24626.790072000003,0,1.4626790072000004
-3.340054849526936,-2.49489114838796,-0.8451637011389761,0.03771943199976269,0.05914238532596228,-0.1590484363056332,0.012384380192521149,65.75,-0.0037878787878787845,-0.4296346890469025,67.459999,BUY,365,67.459999,3.890437000005477,23998.75,24002.640437000005,-0.025344335708194388,1.4002640437000005
-3.5345047448410867,-2.702813867678586,-0.8316908771625009,0.013472823976475201,-0.024246608023287486,-0.15650203094245496,0.002546405363178228,64.540001,-0.018403026615969487,-0.448037715662872,64.18,HOLD,365,67.459999,3.890437000005477,23557.100365000002,23560.990802000008,-0.018400043785149367,1.3560990802000008
-3.684065229832612,-2.899064140109391,-0.7850010897232211,0.04668978743927976,0.03321696346280456,-0.1434337456259524,0.01306828531650257,64.07,-0.007282320928380659,-0.45532003659125264,64.370003,HOLD,365,67.459999,3.890437000005477,23385.55,23389.440437000005,-0.007281118457269642,1.3389440437000004
-3.519144478987414,-3.0230802078849957,-0.49606427110241835,0.2889368186208028,0.24224703118152302,-0.0920921525703929,0.0513415930555595,67.080002,0.0469798969876698,-0.40834013960358284,64.660004,HOLD,365,67.459999,3.890437000005477,24484.200729999997,24488.091167000002,0.04697208267804598,1.4488091167000001
-3.379344762752723,-3.0943331188585415,-0.28501164389418143,0.21105262720823692,-0.07788419141256586,-0.03334689925151084,0.05874525331888205,66.709999,-0.005515846585693263,-0.4138559861892761,67.470001,HOLD,365,67.459999,3.890437000005477,24349.149634999998,24353.040072000003,-0.005514970280002585,1.4353040072000003
-3.2975150048736737,-3.134969496061568,-0.1625455088121055,0.12246613508207593,-0.08858649212616099,0.023844467447041783,0.057191366698552626,65.879997,-0.012441942923728577,-0.4262979291130047,67.449997,HOLD,365,67.459999,3.890437000005477,24046.198905,24050.089342000007,-0.01243995530349884,1.4050089342000007
-3.370525547790379,-3.1820807064073304,-0.18844484138304862,-0.025899332570943123,-0.14836546765301906,0.04382429061943094,0.019979823172389156,63.689999,-0.033242229807630475,-0.45954015892063516,65.730003,SELL,0,0,23995.341532000006,0,23995.341532000006,-0.002276407759716381,1.3995341532000005
-3.390912513918394,-3.2238470679095435,-0.16706544600885076,0.021379395374197863,0.047278727945140986,0.048586966228789816,0.004762675609358879,63.669998,-3.1403674539232096e-4,-0.4598541956660275,62.549999,BUY,383,62.549999,38.6919150000067,24385.609234,24424.301149000006,0.01787678731006781,1.4424301149000007
-3.378612461580886,-3.254800146643812,-0.12381231493707379,0.043253131071776973,0.02187373569757911,0.07376478648754656,0.025177820258756745,63.540001,-0.002041730863569402,-0.4618959265295969,63.490002,HOLD,383,62.549999,38.6919150000067,24335.820383,24374.512298000005,-0.002038496442385962,1.4374512298000006
-3.4509289623240704,-3.2940259097798643,-0.1569030525442061,-0.033090737607132326,-0.0763438686789093,0.0725980080594533,-0.0011667784280932735,62.029999,-0.02376458886111754,-0.4856605153907144,61.509998,SELL,0,0,23597.021149000007,0,23597.021149000007,-0.031897710998049056,1.3597021149000008
-3.504955440543668,-3.3362118159326255,-0.16874362461104253,-0.011840572066836419,0.021250165540295907,0.06764200765279338,-0.004956000406659911,61.57,-0.007415750562884793,-0.4930762659535992,61.560001,HOLD,0,0,23597.021149000007,0,23597.021149000007,0,1.3597021149000008
-3.393267291678171,-3.347622911081735,-0.045644380596436385,0.12309924401460615,0.13493981608144257,0.07860464965660648,0.010962642003813094,63,0.0232255968815982,-0.469850669072001,62.57,BUY,377,62.57,8.131149000008008,23751,23759.131149000008,0.006869934936972744,1.3759131149000008
-3.247149599072131,-3.3275282486798146,0.0803786496076837,0.1260230302041201,0.002923786189513944,0.08653797393309051,0.007933324276484032,63.25,0.003968253968253954,-0.46588241510374706,62.880001,HOLD,377,62.57,8.131149000008008,23845.25,23853.381149000008,0.003966895902418832,1.3853381149000008
-3.20255995843695,-3.3025345906312418,0.09997463219429159,0.019595982586607885,-0.1064270476175122,0.05960389032967102,-0.02693408360341949,61.91,-0.021185770750988153,-0.4870681858547352,62.389999,HOLD,377,62.57,8.131149000008008,23340.07,23348.201149000008,-0.02117854893796378,1.3348201149000007
-3.0425816364756315,-3.25054399980012,0.20796236332448848,0.10798773113019688,0.088391748543589,0.049297400721867016,-0.010306489607804004,63.02,0.01792925214020369,-0.4691389337145315,61,HOLD,377,62.57,8.131149000008008,23758.54,23766.67114900001,0.01792300817221304,1.376667114900001
-2.9631391604492308,-3.1930630319299422,0.22992387148071147,0.021961508156222997,-0.08602622297397389,0.03924693802928172,-0.010050462692585294,62.009998,-0.016026689939701688,-0.4851656236542332,62.049999,HOLD,377,62.57,8.131149000008008,23377.769246,23385.900395000008,-0.016021206824163192,1.3385900395000008
-2.9405200905088975,-3.1425544436457336,0.20203435313683604,-0.02788951834387543,-0.04985102650009843,0.03904791945198849,-1.9901857729323069e-4,61.09,-0.014836284948759437,-0.5000019086029927,61,SELL,0,0,23005.131149000008,0,23005.131149000008,-0.01628200067427854,1.3005131149000009
-2.7480917355356027,-3.0636619020237075,0.31557016648810476,0.11353581335126872,0.14142533169514415,0.04826356124969557,0.009215641797707086,62.860001,0.028973661810443474,-0.4710282467925492,62.080002,BUY,370,62.080002,35.53040900000633,23258.20037,23293.730779000005,0.012545011290341801,1.3293730779000006
-2.500598468983469,-2.95104921541566,0.45045074643219074,0.13488057994408598,0.021344766592817255,0.057426306136926474,0.0091627448872309,63.68,0.01304484548131013,-0.45798340131123905,64.389999,HOLD,370,62.080002,35.53040900000633,23561.6,23597.130409000005,0.0130249479088822,1.3597130409000004
-2.0340942348587703,-2.767658219304282,0.7335639844455115,0.2831132380133208,0.1482326580692348,0.08904670369897179,0.03162039756204531,66.739998,0.04805273241206032,-0.40993066889917873,64.5,HOLD,370,62.080002,35.53040900000633,24693.79926,24729.329669000006,0.047980378985750693,1.4729329669000006
-1.5536809319421536,-2.5248627618318564,0.9711818298897028,0.2376178454441913,-0.04549539256912949,0.11399254545007456,0.02494584175110277,67.889999,0.01723106134944752,-0.3926996075497312,66.300003,HOLD,370,62.080002,35.53040900000633,25119.29963,25154.830039000008,0.01720630424258518,1.5154830039000007
-1.140437837840068,-2.2479777770334985,1.1075399391934306,0.13635810930372783,-0.10125973614046346,0.11531843197898672,0.001325886528912168,68.129997,0.003535100950583292,-0.3891645065991479,67.699997,HOLD,370,62.080002,35.53040900000633,25208.09889,25243.629299000007,0.0035301077312914764,1.5243629299000008
-0.7988887146792933,-1.9581599645626575,1.1592712498833642,0.05173131068993353,-0.0846267986137943,0.10788926002756807,-0.007429171951418656,68.190002,8.807427365657983e-4,-0.3882837638625821,68.400002,HOLD,370,62.080002,35.53040900000633,25230.300740000002,25265.83114900001,8.795030911374901e-4,1.5265831149000009
-0.5086279291296307,-1.6682535574760522,1.1596256283464215,3.5437846305730325e-4,-0.051376932226876226,0.10596509961521301,-0.0019241604123550581,68.360001,0.002493019431206278,-0.38579074443137584,67.379997,HOLD,370,62.080002,35.53040900000633,25293.20037,25328.730779000005,0.0024895135896800813,1.5328730779000006
-0.024137172027991483,-1.3394302803864402,1.3152931083584487,0.15566748001202724,0.15531310154896993,0.11073307450339605,0.004767974888183035,71.510002,0.0460795926553601,-0.33971115177601574,69.68,HOLD,370,62.080002,35.53040900000633,26458.70074,26494.231149000007,0.0460149535390979,1.6494231149000007
0.3613087165505391,-0.9992824809990444,1.3605911975495835,0.04529808919113476,-0.11036939082089248,0.11306673260688722,0.0023336581034911763,71.580002,9.788840447801928e-4,-0.33873226773123555,72,HOLD,370,62.080002,35.53040900000633,26484.600739999998,26520.131149000004,9.775713004971376e-4,1.6520131149000004
0.7836229629690479,-0.642701392205426,1.426324355174474,0.06573315762489051,0.020435068433755754,0.12242900020376382,0.009362267596876594,73.139999,0.021793754629959583,-0.31693851310127596,74.550003,HOLD,370,62.080002,35.53040900000633,27061.79963,27097.330039000008,0.021764556395180934,1.7097330039000007
1.1669906721234895,-0.2807629793396429,1.4477536514631324,0.021429296288658417,-0.0443038613362321,0.11321834849750279,-0.00921065170626103,73.910004,0.010527823496415456,-0.3064106896048605,73,HOLD,370,62.080002,35.53040900000633,27346.70148,27382.231889000006,0.010514019262781726,1.7382231889000006
1.6048201004111888,0.09635363661052346,1.5084664638006653,0.060712812337532895,0.03928351604887448,0.10580157173684748,-0.007416776760655308,75.800003,0.025571626271323256,-0.28083906333353725,73.300003,HOLD,370,62.080002,35.53040900000633,28046.00111,28081.531519000007,0.025538445252920594,1.8081531519000007
1.814688352198857,0.4400205797281902,1.3746677724706668,-0.13379869132999844,-0.19451150366753134,0.06411037880251555,-0.04169119293433192,74.360001,-0.01899738711092147,-0.2998364504444587,75.239998,SELL,0,0,27874.329669000006,0,27874.329669000006,-0.007378580824902947,1.7874329669000006
1.988747987050175,0.7497660611925872,1.2389819258575878,-0.13568584661307903,-0.0018871552830805882,0.026780009596788522,-0.037330369205727035,74.739998,0.005110233928049546,-0.2947262165164092,74.919998,HOLD,0,0,27874.329669000006,0,27874.329669000006,0,1.7874329669000006
2.017099575756461,1.003232764105362,1.0138668116510992,-0.22511511420648866,-0.08942926759340963,-0.009367312754233127,-0.03614732235102165,73.669998,-0.014316296877610157,-0.30904251339401934,74.489998,HOLD,0,0,27874.329669000006,0,27874.329669000006,0,1.7874329669000006
2.0713684435376933,1.2168598999918283,0.854508543545865,-0.15935826810523412,0.06575684610125454,-0.030476270633749893,-0.021108957879516766,74.360001,0.009366133008446464,-0.29967638038557287,73.43,HOLD,0,0,27874.329669000006,0,27874.329669000006,0,1.7874329669000006
2.155694474494055,1.4046268148922738,0.7510676596017813,-0.10344088394408368,0.05591738416115044,-0.04085579687446399,-0.010379526240714098,75.18,0.011027420507969232,-0.28864895987760364,75.879997,HOLD,0,0,27874.329669000006,0,27874.329669000006,0,1.7874329669000006
2.1772525389243214,1.5591519596986834,0.618100579225638,-0.13296708037614335,-0.02952619643205967,-0.06971925291328104,-0.02886345603881706,74.93,-0.003325352487363653,-0.2919743123649673,75.370003,HOLD,0,0,27874.329669000006,0,27874.329669000006,0,1.7874329669000006
2.3456269821226954,1.7164469641834859,0.6291800179392095,0.011079438713571532,0.1440465190897149,-0.07314111796103737,-0.003421865047756323,77.139999,0.02949418123582004,-0.26248013112914725,76.209999,BUY,365,76.209999,57.68003400000816,28156.099635000002,28213.77966900001,0.012177871325727896,1.821377966900001
2.5912125888208806,1.8914000891109648,0.6998124997099158,0.07063248177070625,0.059553043057134714,-0.0726511855464558,4.899324145815731e-4,78.900002,0.02281569902535252,-0.23966443210379473,78,HOLD,365,76.209999,57.68003400000816,28798.50073,28856.180764000008,0.022769054785872544,1.8856180764000008
2.836258558868508,2.0803717830624735,0.7558867758060344,0.05607427609611859,-0.014558205674587654,-0.06918668756570978,0.0034644979807460174,79.93,0.013054473686832102,-0.22660995841696263,79.290001,HOLD,365,76.209999,57.68003400000816,29174.45,29232.13003400001,0.013028379364362186,1.9232130034000008
